{
  "train_loss": [
    1.2743034548720498,
    1.1031060786197313,
    1.0631665067714438,
    1.0241616693735534,
    0.9963410176538271,
    0.9801600080513819,
    0.9084610557622006,
    0.8438601047949627,
    0.8104190594088923,
    0.7903441933688861,
    0.77533190744987,
    0.7638515991697598,
    0.7545274002174196,
    0.7481445129851447,
    0.7420691654273042,
    0.7379151673212138,
    0.7349466480392761,
    0.7314906925446613,
    0.7295383132221592,
    0.7276819439680121,
    0.7262258906484624,
    0.7255886820685481,
    0.7249261625741346,
    0.7242970099670317,
    0.7239995741092345
  ],
  "val_loss": [
    1.033137652162689,
    0.9171011715304127,
    0.8885441069664437,
    0.8613175595223794,
    0.8524165023097676,
    0.8454591912020197,
    0.7944835622007675,
    0.767029750149553,
    0.7446225949633407,
    0.7384026346944313,
    0.7305345491590202,
    0.7249756863104045,
    0.7185868891782743,
    0.7141279364817709,
    0.7117140878629948,
    0.7062968544099432,
    0.70596629049677,
    0.7048695289847161,
    0.7032102369910884,
    0.7021168426255495,
    0.7015103426427473,
    0.7012990618278967,
    0.7019114208923958,
    0.7009262500107837,
    0.7001944362787911
  ],
  "train_acc": [
    0.8306364368742087,
    0.8907123949821614,
    0.9042007135458626,
    0.9190700886177926,
    0.928921625043158,
    0.9344918862930142,
    0.9572793186787892,
    0.9751409828518817,
    0.9842789734146622,
    0.9885142133732305,
    0.9917366785590978,
    0.993716192887559,
    0.9955576015651973,
    0.9960409713430775,
    0.9968235700310738,
    0.9967545172056623,
    0.9973990102428357,
    0.9980895384969501,
    0.9980895384969501,
    0.9982966969731845,
    0.9982966969731845,
    0.9984578202324779,
    0.9986419611002417,
    0.9986189434917712,
    0.9986419611002417
  ],
  "val_acc": [
    0.941804788213628,
    0.958195211786372,
    0.9639042357274401,
    0.9703499079189687,
    0.9716390423572744,
    0.9701657458563536,
    0.9869244935543278,
    0.9918968692449356,
    0.9937384898710866,
    0.9952117863720074,
    0.9957642725598527,
    0.9961325966850829,
    0.996500920810313,
    0.9970534069981584,
    0.9970534069981584,
    0.9974217311233886,
    0.9966850828729282,
    0.9977900552486187,
    0.9972375690607734,
    0.9977900552486187,
    0.9977900552486187,
    0.9977900552486187,
    0.9976058931860037,
    0.9979742173112339,
    0.9977900552486187
  ]
}